{
	"providers": [
        {
            "type": "bitmap",
            "file": "minecraft:font/empty.png",
            "ascent": -32768,
            "height": -130,
            "chars": [
                "\uf780"
            ]
        },
        {
            "type": "bitmap",
            "file": "minecraft:font/empty.png",
            "ascent": -32768,
            "height": -66,
            "chars": [
                "\uf7c0"
            ]
        },
        {
            "type": "bitmap",
            "file": "minecraft:font/empty.png",
            "ascent": -32768,
            "height": -34,
            "chars": [
                "\uf7e0"
            ]
        },
        {
            "type": "bitmap",
            "file": "minecraft:font/empty.png",
            "ascent": -32768,
            "height": -18,
            "chars": [
                "\uf7f0"
            ]
        },
        {
            "type": "bitmap",
            "file": "minecraft:font/empty.png",
            "ascent": -32768,
            "height": -10,
            "chars": [
                "\uf7f8"
            ]
        },
        {
            "type": "bitmap",
            "file": "minecraft:font/empty.png",
            "ascent": -32768,
            "height": -6,
            "chars": [
                "\uf7fc"
            ]
        },
        {
            "type": "bitmap",
            "file": "minecraft:font/empty.png",
            "ascent": -32768,
            "height": -4,
            "chars": [
                "\uf7fe"
            ]
        },
        {
            "type": "bitmap",
            "file": "minecraft:font/empty.png",
            "ascent": -32768,
            "height": -3,
            "chars": [
                "\uf7ff"
            ]
        },
        {
            "type": "bitmap",
            "file": "minecraft:font/empty.png",
            "ascent": -32768,
            "height": 0,
            "chars": [
                "\uf801"
            ]
        },
        {
            "type": "bitmap",
            "file": "minecraft:font/empty.png",
            "ascent": -32768,
            "height": 1,
            "chars": [
                "\uf802"
            ]
        },
        {
            "type": "bitmap",
            "file": "minecraft:font/empty.png",
            "ascent": -32768,
            "height": 3,
            "chars": [
                "\uf804"
            ]
        },
        {
            "type": "bitmap",
            "file": "minecraft:font/empty.png",
            "ascent": -32768,
            "height": 7,
            "chars": [
                "\uf808"
            ]
        },
        {
            "type": "bitmap",
            "file": "minecraft:font/empty.png",
            "ascent": -32768,
            "height": 15,
            "chars": [
                "\uf810"
            ]
        },
        {
            "type": "bitmap",
            "file": "minecraft:font/empty.png",
            "ascent": -32768,
            "height": 31,
            "chars": [
                "\uf820"
            ]
        },
        {
            "type": "bitmap",
            "file": "minecraft:font/empty.png",
            "ascent": -32768,
            "height": 63,
            "chars": [
                "\uf840"
            ]
        },
        {
            "type": "bitmap",
            "file": "minecraft:font/empty.png",
            "ascent": -32768,
            "height": 127,
            "chars": [
                "\uf880"
            ]
        },



		{
			"type": "bitmap",
			"file": "minecraft:gui/container/brewing_stand_guide_left.png",
			"ascent": 13,
			"height": 207,
			"chars": [
				"\uE001"
			]
		},
		{
			"type": "bitmap",
			"file": "minecraft:gui/container/brewing_stand_guide_right.png",
			"ascent": 13,
			"height": 161,
			"chars": [
				"\uE002"
			]
		},
		{
			"type": "bitmap",
			"file": "minecraft:gui/container/furnace_guide.png",
			"ascent": 13,
			"height": 103,
			"chars": [
				"\uE003"
			]
		},
		{
			"type": "bitmap",
			"file": "minecraft:gui/container/smoker_guide.png",
			"ascent": 13,
			"height": 103,
			"chars": [
				"\uE004"
			]
		},
		{
			"type": "bitmap",
			"file": "minecraft:gui/container/blast_furnace_guide.png",
			"ascent": 13,
			"height": 103,
			"chars": [
				"\uE005"
			]
		},
		{
			"type": "bitmap",
			"file": "minecraft:gui/container/hopper_guide.png",
			"ascent": 13,
			"height": 103,
			"chars": [
				"\uE006"
			]
		},
		{
			"type": "bitmap",
			"file": "minecraft:gui/container/dropper_guide.png",
			"ascent": 13,
			"height": 103,
			"chars": [
				"\uE007"
			]
		},
		{
			"type": "bitmap",
			"file": "minecraft:gui/container/dispenser_guide.png",
			"ascent": 13,
			"height": 103,
			"chars": [
				"\uE008"
			]
		},
		{
			"type": "bitmap",
			"file": "minecraft:gui/container/chest_guide.png",
			"ascent": 13,
			"height": 103,
			"chars": [
				"\uE009"
			]
		},
		{
			"type": "bitmap",
			"file": "minecraft:gui/container/barrel_guide.png",
			"ascent": 13,
			"height": 103,
			"chars": [
				"\uE010"
			]
		},
		{
			"type": "bitmap",
			"file": "minecraft:gui/container/shulker_box_guide.png",
			"ascent": 13,
			"height": 103,
			"chars": [
				"\uE011"
			]
		},
		{
			"type": "bitmap",
			"file": "minecraft:gui/container/large_chest_guide.png",
			"ascent": 13,
			"height": 103,
			"chars": [
				"\uE012"
			]
		},
		{
			"type": "bitmap",
			"file": "minecraft:gui/container/jukebox_guide.png",
			"ascent": -52,
			"height": 74,
			"chars": [
				"\uE013"
			]
		},
		{
			"type": "bitmap",
			"file": "minecraft:gui/container/sculk_sensor_guide.png",
			"ascent": -52,
			"height": 80,
			"chars": [
				"\uE014"
			]
		},
		{
			"type": "bitmap",
			"file": "minecraft:gui/container/decorated_pot_guide.png",
			"ascent": -52,
			"height": 66,
			"chars": [
				"\uE015"
			]
		},
		{
			"type": "bitmap",
			"file": "minecraft:gui/container/crafter_guide.png",
			"ascent": -52,
			"height": 76,
			"chars": [
				"\uE016"
			]
		},

		{
			"type": "bitmap",
			"file": "minecraft:font/comparator.png",
			"ascent": 7,
			"height": 7,
			"chars": [
				"\uE101"
			]
		},
		{
			"type": "bitmap",
			"file": "minecraft:font/clock.png",
			"ascent": 7,
			"height": 7,
			"chars": [
				"\uE102"
			]
		},
		{
			"type": "bitmap",
			"file": "minecraft:font/delay.png",
			"ascent": 7,
			"height": 7,
			"chars": [
				"\uE103"
			]
		}
	]
}