{"entity.enderman.ambient":{"sounds":[{"name":"mob\/endermen\/idle1","volume":0.05},{"name":"mob\/endermen\/idle2","volume":0.05},{"name":"mob\/endermen\/idle3","volume":0.05},{"name":"mob\/endermen\/idle4","volume":0.05},{"name":"mob\/endermen\/idle5","volume":0.05}],"replace":true,"subtitle":"subtitles.entity.enderman.ambient"},"entity.enderman.death":{"sounds":[{"name":"mob\/endermen\/death","volume":0.05}],"replace":true,"subtitle":"subtitles.entity.enderman.death"},"entity.enderman.hurt":{"sounds":[{"name":"mob\/endermen\/hit1","volume":0.05},{"name":"mob\/endermen\/hit2","volume":0.05},{"name":"mob\/endermen\/hit3","volume":0.05},{"name":"mob\/endermen\/hit4","volume":0.05}],"replace":true,"subtitle":"subtitles.entity.enderman.hurt"},"entity.enderman.scream":{"sounds":[{"name":"mob\/endermen\/scream1","volume":0.05},{"name":"mob\/endermen\/scream2","volume":0.05},{"name":"mob\/endermen\/scream3","volume":0.05},{"name":"mob\/endermen\/scream4","volume":0.05}],"replace":true,"subtitle":"subtitles.entity.enderman.scream"},"entity.enderman.stare":{"sounds":[{"name":"mob\/endermen\/stare","volume":0.05}],"replace":true,"subtitle":"subtitles.entity.enderman.stare"},"entity.enderman.teleport":{"sounds":[{"name":"mob\/endermen\/portal","volume":0.05},{"name":"mob\/endermen\/portal2","volume":0.05}],"replace":true,"subtitle":"subtitles.entity.enderman.teleport"},"entity.sheep.ambient":{"sounds":[{"name":"mob\/sheep\/say1","volume":0.05},{"name":"mob\/sheep\/say2","volume":0.05},{"name":"mob\/sheep\/say3","volume":0.05}],"replace":true,"subtitle":"subtitles.entity.sheep.ambient"},"entity.sheep.death":{"sounds":["mob\/sheep\/say1","mob\/sheep\/say2","mob\/sheep\/say3"],"subtitle":"subtitles.entity.sheep.death"},"entity.sheep.hurt":{"sounds":[{"name":"mob\/sheep\/say1","volume":0.05},{"name":"mob\/sheep\/say2","volume":0.05},{"name":"mob\/sheep\/say3","volume":0.05}],"replace":true,"subtitle":"subtitles.entity.sheep.hurt"},"entity.sheep.shear":{"sounds":[{"name":"mob\/sheep\/shear","volume":0.05}],"replace":true,"subtitle":"subtitles.item.shears.shear"},"entity.sheep.step":{"sounds":[{"name":"mob\/sheep\/step1","volume":0.05},{"name":"mob\/sheep\/step2","volume":0.05},{"name":"mob\/sheep\/step3","volume":0.05},{"name":"mob\/sheep\/step4","volume":0.05},{"name":"mob\/sheep\/step5","volume":0.05}],"replace":true,"subtitle":"subtitles.block.generic.footsteps"},"entity.villager.ambient":{"sounds":[{"name":"mob\/villager\/idle1","volume":0.05},{"name":"mob\/villager\/idle2","volume":0.05},{"name":"mob\/villager\/idle3","volume":0.05}],"replace":true,"subtitle":"subtitles.entity.villager.ambient"},"entity.villager.celebrate":{"sounds":[{"name":"mob\/villager\/yes1","volume":0.05},{"name":"mob\/villager\/yes2","volume":0.05},{"name":"mob\/villager\/yes3","volume":0.05}],"replace":true,"subtitle":"subtitles.entity.villager.celebrate"},"entity.villager.death":{"sounds":[{"name":"mob\/villager\/death","volume":0.05}],"replace":true,"subtitle":"subtitles.entity.villager.death"},"entity.villager.hurt":{"sounds":[{"name":"mob\/villager\/hit1","volume":0.05},{"name":"mob\/villager\/hit2","volume":0.05},{"name":"mob\/villager\/hit3","volume":0.05},{"name":"mob\/villager\/hit4","volume":0.05}],"replace":true,"subtitle":"subtitles.entity.villager.hurt"},"entity.villager.no":{"sounds":[{"name":"mob\/villager\/no1","volume":0.05},{"name":"mob\/villager\/no2","volume":0.05},{"name":"mob\/villager\/no3","volume":0.05}],"replace":true,"subtitle":"subtitles.entity.villager.no"},"entity.villager.trade":{"sounds":[{"name":"mob\/villager\/haggle1","volume":0.05},{"name":"mob\/villager\/haggle2","volume":0.05},{"name":"mob\/villager\/haggle3","volume":0.05}],"replace":true,"subtitle":"subtitles.entity.villager.trade"},"entity.villager.work_armorer":{"sounds":[{"name":"block\/blastfurnace\/blastfurnace1","volume":0.05},{"name":"block\/blastfurnace\/blastfurnace2","volume":0.05},{"name":"block\/blastfurnace\/blastfurnace3","volume":0.05},{"name":"block\/blastfurnace\/blastfurnace4","volume":0.05},{"name":"block\/blastfurnace\/blastfurnace5","volume":0.05}],"replace":true,"subtitle":"subtitles.entity.villager.work_armorer"},"entity.villager.work_butcher":{"sounds":[{"name":"block\/smoker\/smoker1","volume":0.05},{"name":"block\/smoker\/smoker2","volume":0.05},{"name":"block\/smoker\/smoker3","volume":0.05},{"name":"block\/smoker\/smoker4","volume":0.05},{"name":"block\/smoker\/smoker5","volume":0.05}],"replace":true,"subtitle":"subtitles.entity.villager.work_butcher"},"entity.villager.work_cartographer":{"sounds":[{"name":"ui\/cartography_table\/drawmap1","volume":0.05},{"name":"ui\/cartography_table\/drawmap2","volume":0.05},{"name":"ui\/cartography_table\/drawmap3","volume":0.05}],"replace":true,"subtitle":"subtitles.entity.villager.work_cartographer"},"entity.villager.work_cleric":{"sounds":[{"name":"block\/brewing_stand\/brew1","volume":0.05},{"name":"block\/brewing_stand\/brew2","volume":0.05}],"replace":true,"subtitle":"subtitles.entity.villager.work_cleric"},"entity.villager.work_farmer":{"sounds":[{"name":"block\/composter\/fill_success1","volume":0.05},{"name":"block\/composter\/fill_success2","volume":0.05},{"name":"block\/composter\/fill_success3","volume":0.05},{"name":"block\/composter\/fill_success4","volume":0.05}],"replace":true,"subtitle":"subtitles.entity.villager.work_farmer"},"entity.villager.work_fisherman":{"sounds":[{"name":"block\/barrel\/open1","volume":0.05},{"name":"block\/barrel\/open2","volume":0.05}],"replace":true,"subtitle":"subtitles.entity.villager.work_fisherman"},"entity.villager.work_fletcher":{"sounds":[{"name":"block\/fletching_table\/fletching_table1","volume":0.05},{"name":"block\/fletching_table\/fletching_table2","volume":0.05}],"replace":true,"subtitle":"subtitles.entity.villager.work_fletcher"},"entity.villager.work_leatherworker":{"sounds":[{"name":"block\/cauldron\/dye1","volume":0.045},{"name":"block\/cauldron\/dye2","volume":0.045},{"name":"block\/cauldron\/dye3","volume":0.045}],"replace":true,"subtitle":"subtitles.entity.villager.work_leatherworker"},"entity.villager.work_librarian":{"sounds":[{"name":"item\/book\/open_flip1","volume":0.1},{"name":"item\/book\/open_flip2","volume":0.1},{"name":"item\/book\/open_flip3","volume":0.1}],"replace":true,"subtitle":"subtitles.entity.villager.work_librarian"},"entity.villager.work_mason":{"sounds":[{"name":"ui\/stonecutter\/cut1","pitch":0.92,"volume":0.05},{"name":"ui\/stonecutter\/cut1","volume":0.05},{"name":"ui\/stonecutter\/cut2","pitch":0.92,"volume":0.05},{"name":"ui\/stonecutter\/cut2","volume":0.05}],"replace":true,"subtitle":"subtitles.entity.villager.work_mason"},"entity.villager.work_shepherd":{"sounds":[{"name":"ui\/loom\/take_result1","volume":0.025},{"name":"ui\/loom\/take_result2","volume":0.025}],"replace":true,"subtitle":"subtitles.entity.villager.work_shepherd"},"entity.villager.work_toolsmith":{"sounds":[{"name":"block\/smithing_table\/smithing_table1","volume":0.05},{"name":"block\/smithing_table\/smithing_table2","volume":0.05},{"name":"block\/smithing_table\/smithing_table3","volume":0.05}],"replace":true,"subtitle":"subtitles.entity.villager.work_toolsmith"},"entity.villager.work_weaponsmith":{"sounds":[{"name":"block\/grindstone\/grindstone1","volume":0.025},{"name":"block\/grindstone\/grindstone2","volume":0.025},{"name":"block\/grindstone\/grindstone3","volume":0.025}],"replace":true,"subtitle":"subtitles.entity.villager.work_weaponsmith"},"entity.villager.yes":{"sounds":[{"name":"mob\/villager\/yes1","volume":0.025},{"name":"mob\/villager\/yes2","volume":0.025},{"name":"mob\/villager\/yes3","volume":0.025}],"replace":true,"subtitle":"subtitles.entity.villager.yes"},"entity.wandering_trader.ambient":{"sounds":[{"name":"mob\/wandering_trader\/idle1","volume":0.05},{"name":"mob\/wandering_trader\/idle2","volume":0.05},{"name":"mob\/wandering_trader\/idle3","volume":0.05},{"name":"mob\/wandering_trader\/idle4","volume":0.05},{"name":"mob\/wandering_trader\/idle5","volume":0.05}],"replace":true,"subtitle":"subtitles.entity.wandering_trader.ambient"},"entity.wandering_trader.death":{"sounds":[{"name":"mob\/wandering_trader\/death","volume":0.05}],"replace":true,"subtitle":"subtitles.entity.wandering_trader.death"},"entity.wandering_trader.disappeared":{"sounds":[{"name":"mob\/wandering_trader\/disappeared1","volume":0.04},{"name":"mob\/wandering_trader\/disappeared2","volume":0.04}],"replace":true,"subtitle":"subtitles.entity.wandering_trader.disappeared"},"entity.wandering_trader.drink_milk":{"sounds":[{"name":"mob\/wandering_trader\/drink_milk1","volume":0.05},{"name":"mob\/wandering_trader\/drink_milk2","volume":0.05},{"name":"mob\/wandering_trader\/drink_milk3","volume":0.05},{"name":"mob\/wandering_trader\/drink_milk4","volume":0.05},{"name":"mob\/wandering_trader\/drink_milk5","volume":0.05}],"replace":true,"subtitle":"subtitles.entity.wandering_trader.drink_milk"},"entity.wandering_trader.drink_potion":{"sounds":[{"name":"mob\/wandering_trader\/drink_potion","volume":0.035},{"name":"random\/drink","volume":0.0325}],"replace":true,"subtitle":"subtitles.entity.wandering_trader.drink_potion"},"entity.wandering_trader.hurt":{"sounds":[{"name":"mob\/wandering_trader\/hurt1","volume":0.05},{"name":"mob\/wandering_trader\/hurt2","volume":0.05},{"name":"mob\/wandering_trader\/hurt3","volume":0.05},{"name":"mob\/wandering_trader\/hurt4","volume":0.05}],"replace":true,"subtitle":"subtitles.entity.wandering_trader.hurt"},"entity.wandering_trader.no":{"sounds":[{"name":"mob\/wandering_trader\/no1","volume":0.05},{"name":"mob\/wandering_trader\/no2","volume":0.05},{"name":"mob\/wandering_trader\/no3","volume":0.05},{"name":"mob\/wandering_trader\/no4","volume":0.05},{"name":"mob\/wandering_trader\/no5","volume":0.05}],"replace":true,"subtitle":"subtitles.entity.wandering_trader.no"},"entity.wandering_trader.reappeared":{"sounds":[{"name":"mob\/wandering_trader\/reappeared1","volume":0.04},{"name":"mob\/wandering_trader\/reappeared2","volume":0.04}],"replace":true,"subtitle":"subtitles.entity.wandering_trader.reappeared"},"entity.wandering_trader.trade":{"sounds":[{"name":"mob\/wandering_trader\/haggle1","volume":0.05},{"name":"mob\/wandering_trader\/haggle2","volume":0.05},{"name":"mob\/wandering_trader\/haggle3","volume":0.05}],"replace":true,"subtitle":"subtitles.entity.wandering_trader.trade"},"entity.wandering_trader.yes":{"sounds":[{"name":"mob\/wandering_trader\/yes1","volume":0.05},{"name":"mob\/wandering_trader\/yes2","volume":0.05},{"name":"mob\/wandering_trader\/yes3","volume":0.05},{"name":"mob\/wandering_trader\/yes4","volume":0.05}],"replace":true,"subtitle":"subtitles.entity.wandering_trader.yes"},"entity.ender_dragon.ambient":{"sounds":[{"name":"mob\/enderdragon\/growl1","volume":0.05},{"name":"mob\/enderdragon\/growl2","volume":0.05},{"name":"mob\/enderdragon\/growl3","volume":0.05},{"name":"mob\/enderdragon\/growl4","volume":0.05}],"replace":true,"subtitle":"subtitles.entity.ender_dragon.ambient"},"entity.ender_dragon.death":{"sounds":[{"name":"mob\/enderdragon\/end","volume":0.05}],"replace":true,"subtitle":"subtitles.entity.ender_dragon.death"},"entity.ender_dragon.flap":{"sounds":[{"name":"mob\/enderdragon\/wings1","volume":0.05},{"name":"mob\/enderdragon\/wings2","volume":0.05},{"name":"mob\/enderdragon\/wings3","volume":0.05},{"name":"mob\/enderdragon\/wings4","volume":0.05},{"name":"mob\/enderdragon\/wings5","volume":0.05},{"name":"mob\/enderdragon\/wings6","volume":0.05}],"replace":true,"subtitle":"subtitles.entity.ender_dragon.flap"},"entity.ender_dragon.growl":{"sounds":[{"name":"mob\/enderdragon\/growl1","volume":0.05},{"name":"mob\/enderdragon\/growl2","volume":0.05},{"name":"mob\/enderdragon\/growl3","volume":0.05},{"name":"mob\/enderdragon\/growl4","volume":0.05}],"replace":true,"subtitle":"subtitles.entity.ender_dragon.growl"},"entity.ender_dragon.hurt":{"sounds":[{"name":"mob\/enderdragon\/hit1","volume":0.05},{"name":"mob\/enderdragon\/hit2","volume":0.05},{"name":"mob\/enderdragon\/hit3","volume":0.05},{"name":"mob\/enderdragon\/hit4","volume":0.05}],"replace":true,"subtitle":"subtitles.entity.ender_dragon.hurt"},"entity.ender_dragon.shoot":{"sounds":[{"name":"mob\/ghast\/fireball4","volume":0.05}],"replace":true,"subtitle":"subtitles.entity.ender_dragon.shoot"},"weather.rain":{"sounds":[{"name":"ambient\/weather\/rain1","volume":0.05},{"name":"ambient\/weather\/rain2","volume":0.05},{"name":"ambient\/weather\/rain3","volume":0.05},{"name":"ambient\/weather\/rain4","volume":0.05},{"name":"ambient\/weather\/rain5","volume":0.05},{"name":"ambient\/weather\/rain6","volume":0.05},{"name":"ambient\/weather\/rain7","volume":0.05},{"name":"ambient\/weather\/rain8","volume":0.05}],"replace":true,"subtitle":"subtitles.weather.rain"},"weather.rain.above":{"sounds":[{"name":"ambient\/weather\/rain1","volume":0.05},{"name":"ambient\/weather\/rain2","volume":0.05},{"name":"ambient\/weather\/rain3","volume":0.05},{"name":"ambient\/weather\/rain4","volume":0.05}],"replace":true,"subtitle":"subtitles.weather.rain"},"block.dispenser.dispense":{"sounds":[{"name":"random\/click","volume":0.05}],"replace":true,"subtitle":"subtitles.block.dispenser.dispense"},"block.dispenser.fail":{"sounds":[{"name":"random\/click","volume":0.05}],"replace":true,"subtitle":"subtitles.block.dispenser.fail"},"block.dispenser.launch":{"sounds":[{"name":"random\/bow","volume":0.05}],"replace":true,"subtitle":"subtitles.block.dispenser.dispense"},"entity.minecart.inside":{"sounds":[{"name":"minecart\/inside","volume":0.05}],"replace":true},"entity.minecart.inside.underwater":{"sounds":[{"name":"minecart\/inside_underwater1","volume":0.05},{"name":"minecart\/inside_underwater2","volume":0.05},{"name":"minecart\/inside_underwater3","volume":0.05}],"replace":true},"entity.minecart.riding":{"sounds":[{"name":"minecart\/base","volume":0.05}],"replace":true,"subtitle":"subtitles.entity.minecart.riding"},"item.flintandsteel.use":{"sounds":[{"name":"fire\/ignite","volume":0.05}],"replace":true,"subtitle":"subtitles.item.flintandsteel.use"},"entity.generic.extinguish_fire":{"sounds":[{"name":"random\/fizz","volume":0.05}],"replace":true,"subtitle":"subtitles.entity.generic.extinguish_fire"},"block.fire.extinguish":{"sounds":[{"name":"random\/fizz","volume":0.05}],"replace":true,"subtitle":"subtitles.block.fire.extinguish"},"entity.player.hurt_on_fire":{"sounds":[{"name":"entity\/player\/hurt\/fire_hurt1","volume":0.05},{"name":"entity\/player\/hurt\/fire_hurt2","volume":0.05},{"name":"entity\/player\/hurt\/fire_hurt3","volume":0.05}],"replace":true,"subtitle":"subtitles.entity.player.hurt_on_fire"},"block.fire.ambient":{"sounds":[{"name":"fire\/fire","volume":0.05}],"replace":true,"subtitle":"subtitles.block.fire.ambient"},"block.portal.ambient":{"sounds":[{"attenuation_distance":10,"name":"portal\/portal","volume":0.05}],"replace":true,"subtitle":"subtitles.block.portal.ambient"},"block.portal.travel":{"sounds":[{"name":"portal\/travel","volume":0.05}],"replace":true},"block.portal.trigger":{"sounds":[{"name":"portal\/trigger","volume":0.05}],"replace":true,"subtitle":"subtitles.block.portal.trigger"},"ambient.cave":{"sounds":[],"replace":true}}